<?xml version="1.0" standalone="yes" ?>

<!--Parts from the MIT Registry of Standard Biological Parts-->
<rsbpml>
<part_list>
<part>
<part_id>12515</part_id>
<part_name>BBa_K122008</part_name>
<part_short_name>K122008</part_short_name>
<part_short_desc>BleoR</part_short_desc>
<part_type>Composite</part_type>
<part_status>Available</part_status>
<part_results>None</part_results>
<part_nickname></part_nickname>
<part_rating></part_rating>
<part_url>http://partsregistry.org/Part:BBa_K122008</part_url>
<part_entered>2008-10-25</part_entered>
<part_author>David Ouyang</part_author>
<best_quality>None</best_quality>
<deep_subparts></deep_subparts>
<specified_subparts></specified_subparts>
<specified_subscars></specified_subscars>
<sequences>
<seq_data>a
</seq_data></sequences>
<features>
<feature>
<id>1986963</id>
<title>BBa_R0040</title>
<type>BioBrick</type>
<direction>forward</direction>
<startpos>1</startpos>
<endpos>54</endpos></feature>
<feature>
<id>1986964</id>
<title>TetR 1</title>
<type>binding</type>
<direction>forward</direction>
<startpos>1</startpos>
<endpos>19</endpos></feature>
<feature>
<id>1986965</id>
<title>-35</title>
<type>promoter</type>
<direction>forward</direction>
<startpos>20</startpos>
<endpos>25</endpos></feature>
<feature>
<id>1986966</id>
<title>TetR 2</title>
<type>binding</type>
<direction>forward</direction>
<startpos>26</startpos>
<endpos>44</endpos></feature>
<feature>
<id>1986967</id>
<title>-10</title>
<type>promoter</type>
<direction>forward</direction>
<startpos>43</startpos>
<endpos>48</endpos></feature></features>
<parameters>
<!-- NOTE: Currently, each parameter name can have only one value.-->
<!--This will change as we fully support the context of a parameter. RDR 4/2010 --></parameters>
<categories></categories>
<samples>
<!--Samples have been turned off for now - rdr 4/2010--></samples>
<references>
<!--References are not available yet - rdr 4/2010--></references>
<groups>
<!-- Group access information is not yet available - rdr 4/2010--></groups></part></part_list></rsbpml>