<?xml version="1.0" standalone="yes" ?>

<!--Parts from the MIT Registry of Standard Biological Parts-->
<rsbpml>
<part_list>
<part>
<part_id>10418</part_id>
<part_name>BBa_I716378</part_name>
<part_short_name>I716378</part_short_name>
<part_short_desc>Biobricked Unmodified Hemoglobin Cassette in petDUET format with hemABCD with AHSP</part_short_desc>
<part_type>Composite</part_type>
<part_status>Available</part_status>
<part_results></part_results>
<part_nickname></part_nickname>
<part_rating></part_rating>
<part_url>http://partsregistry.org/Part:BBa_I716378</part_url>
<part_entered>2007-10-25</part_entered>
<part_author>Austin Day</part_author>
<best_quality>None</best_quality>
<deep_subparts></deep_subparts>
<specified_subparts></specified_subparts>
<specified_subscars></specified_subscars>
<sequences>
<seq_data></seq_data></sequences>
<features></features>
<parameters>
<!-- NOTE: Currently, each parameter name can have only one value.-->
<!--This will change as we fully support the context of a parameter. RDR 4/2010 --></parameters>
<categories></categories>
<samples>
<!--Samples have been turned off for now - rdr 4/2010--></samples>
<references>
<!--References are not available yet - rdr 4/2010--></references>
<groups>
<!-- Group access information is not yet available - rdr 4/2010--></groups></part></part_list></rsbpml>