<?xml version="1.0" encoding="UTF-8" standalone="no"?>
<module codename="org.netbeans.modules.autoupdate.services">
    <module_version install_time="1302219600263" last="false" origin="installer" specification_version="1.25.1">
        <file crc="83784818" name="config/Modules/org-netbeans-modules-autoupdate-services.xml"/>
        <file crc="422189913" name="modules/ext/updater.jar"/>
        <file crc="689241373" name="modules/org-netbeans-modules-autoupdate-services.jar"/>
    </module_version>
    <module_version install_time="1345594752866" last="true" origin="NetBeans 分发" specification_version="1.26.1">
        <file crc="3117683260" name="modules/ext/locale/updater_ja.jar"/>
        <file crc="2085820401" name="modules/ext/locale/updater_pt_BR.jar"/>
        <file crc="2505193420" name="modules/ext/locale/updater_ru.jar"/>
        <file crc="3888960107" name="modules/ext/locale/updater_zh_CN.jar"/>
        <file crc="729343208" name="modules/locale/org-netbeans-modules-autoupdate-services_ja.jar"/>
        <file crc="1601002629" name="modules/locale/org-netbeans-modules-autoupdate-services_pt_BR.jar"/>
        <file crc="1041027585" name="modules/locale/org-netbeans-modules-autoupdate-services_ru.jar"/>
        <file crc="2748955982" name="modules/locale/org-netbeans-modules-autoupdate-services_zh_CN.jar"/>
        <file crc="83784818" name="config/Modules/org-netbeans-modules-autoupdate-services.xml"/>
        <file crc="4196776494" name="modules/org-netbeans-modules-autoupdate-services.jar"/>
    </module_version>
</module>
