<?xml version="1.0" encoding="UTF-8" standalone="no"?>
<module codename="org.netbeans.modules.options.keymap">
    <module_version install_time="1302220039814" last="false" origin="installer" specification_version="1.13.1">
        <file crc="2363851279" name="config/Modules/org-netbeans-modules-options-keymap.xml"/>
        <file crc="3745601657" name="modules/org-netbeans-modules-options-keymap.jar"/>
    </module_version>
    <module_version install_time="1345596301907" last="true" origin="NetBeans 分发" specification_version="1.14.1">
        <file crc="3778674651" name="modules/locale/org-netbeans-modules-options-keymap_ja.jar"/>
        <file crc="156777544" name="modules/locale/org-netbeans-modules-options-keymap_pt_BR.jar"/>
        <file crc="2387441758" name="modules/locale/org-netbeans-modules-options-keymap_ru.jar"/>
        <file crc="3622491293" name="modules/locale/org-netbeans-modules-options-keymap_zh_CN.jar"/>
        <file crc="2363851279" name="config/Modules/org-netbeans-modules-options-keymap.xml"/>
        <file crc="1403897269" name="modules/org-netbeans-modules-options-keymap.jar"/>
    </module_version>
</module>
