<?xml version="1.0" encoding="UTF-8" standalone="no"?>
<module codename="org.netbeans.modules.core.kit">
    <module_version install_time="1302220042711" last="false" origin="installer" specification_version="1.11.1">
        <file crc="1583991425" name="VERSION.txt"/>
        <file crc="2391224559" name="config/Modules/org-netbeans-modules-core-kit.xml"/>
        <file crc="479728411" name="modules/org-netbeans-modules-core-kit.jar"/>
    </module_version>
    <module_version install_time="1345596301981" last="true" origin="NetBeans 分发" specification_version="1.12.1">
        <file crc="124119920" name="modules/locale/org-netbeans-modules-core-kit_ja.jar"/>
        <file crc="3580205684" name="modules/locale/org-netbeans-modules-core-kit_pt_BR.jar"/>
        <file crc="2609795929" name="modules/locale/org-netbeans-modules-core-kit_ru.jar"/>
        <file crc="3921721106" name="modules/locale/org-netbeans-modules-core-kit_zh_CN.jar"/>
        <file crc="287857734" name="VERSION.txt"/>
        <file crc="2391224559" name="config/Modules/org-netbeans-modules-core-kit.xml"/>
        <file crc="786861891" name="modules/org-netbeans-modules-core-kit.jar"/>
    </module_version>
</module>
