<?xml version="1.0" encoding="UTF-8" standalone="no"?>
<module codename="org.openide.windows">
    <module_version install_time="1302219610445" last="false" origin="installer" specification_version="6.39.1">
        <file crc="3877728110" name="config/Modules/org-openide-windows.xml"/>
        <file crc="3223986327" name="modules/org-openide-windows.jar"/>
    </module_version>
    <module_version install_time="1345594758044" last="true" origin="NetBeans 分发" specification_version="6.40.1">
        <file crc="3501802074" name="modules/locale/org-openide-windows_ja.jar"/>
        <file crc="1675007166" name="modules/locale/org-openide-windows_pt_BR.jar"/>
        <file crc="2700299681" name="modules/locale/org-openide-windows_ru.jar"/>
        <file crc="4229475394" name="modules/locale/org-openide-windows_zh_CN.jar"/>
        <file crc="3877728110" name="config/Modules/org-openide-windows.xml"/>
        <file crc="3949341827" name="modules/org-openide-windows.jar"/>
    </module_version>
</module>
