<?xml version="1.0" encoding="UTF-8" standalone="no"?>
<module codename="org.netbeans.modules.keyring.impl">
    <module_version install_time="1302219488888" last="false" origin="installer" specification_version="1.2.1">
        <file crc="729697579" name="config/Modules/org-netbeans-modules-keyring-impl.xml"/>
        <file crc="4232387396" name="modules/org-netbeans-modules-keyring-impl.jar"/>
    </module_version>
    <module_version install_time="1345596298045" last="true" origin="NetBeans 分发" specification_version="1.3.2">
        <file crc="3593468933" name="modules/locale/org-netbeans-modules-keyring-impl_ja.jar"/>
        <file crc="2009555741" name="modules/locale/org-netbeans-modules-keyring-impl_ru.jar"/>
        <file crc="1701857058" name="modules/locale/org-netbeans-modules-keyring-impl_zh_CN.jar"/>
        <file crc="729697579" name="config/Modules/org-netbeans-modules-keyring-impl.xml"/>
        <file crc="1538378822" name="modules/org-netbeans-modules-keyring-impl.jar"/>
    </module_version>
</module>
