<?xml version="1.0" encoding="UTF-8" standalone="no"?>
<module codename="org.openide.modules">
    <module_version install_time="1302219265663" last="false" origin="installer" specification_version="7.22.1">
        <file crc="1391508081" name="config/ModuleAutoDeps/org-openide-modules.xml"/>
        <file crc="3117754179" name="lib/org-openide-modules.jar"/>
    </module_version>
    <module_version install_time="1345594751924" last="true" origin="NetBeans 分发" specification_version="7.23.1">
        <file crc="631832569" name="lib/locale/org-openide-modules_ja.jar"/>
        <file crc="577021477" name="lib/locale/org-openide-modules_pt_BR.jar"/>
        <file crc="2431681227" name="lib/locale/org-openide-modules_ru.jar"/>
        <file crc="533738367" name="lib/locale/org-openide-modules_zh_CN.jar"/>
        <file crc="1391508081" name="config/ModuleAutoDeps/org-openide-modules.xml"/>
        <file crc="2592560733" name="lib/org-openide-modules.jar"/>
    </module_version>
</module>
