<?xml version="1.0" encoding="UTF-8" standalone="no"?>
<module codename="org.netbeans.modules.javahelp/1">
    <module_version install_time="1302219701985" last="false" origin="installer" specification_version="2.21.1">
        <file crc="3126457443" name="config/Modules/org-netbeans-modules-javahelp.xml"/>
        <file crc="3125108413" name="modules/ext/jhall-2.0_05.jar"/>
        <file crc="147865848" name="modules/org-netbeans-modules-javahelp.jar"/>
    </module_version>
    <module_version install_time="1345596300270" last="true" origin="NetBeans 分发" specification_version="2.22.1">
        <file crc="681101243" name="modules/locale/org-netbeans-modules-javahelp_ja.jar"/>
        <file crc="2206975394" name="modules/locale/org-netbeans-modules-javahelp_pt_BR.jar"/>
        <file crc="2056482473" name="modules/locale/org-netbeans-modules-javahelp_ru.jar"/>
        <file crc="877170344" name="modules/locale/org-netbeans-modules-javahelp_zh_CN.jar"/>
        <file crc="3126457443" name="config/Modules/org-netbeans-modules-javahelp.xml"/>
        <file crc="3125108413" name="modules/ext/jhall-2.0_05.jar"/>
        <file crc="3648899532" name="modules/org-netbeans-modules-javahelp.jar"/>
    </module_version>
</module>
