<?xml version="1.0" encoding="UTF-8" standalone="no"?>
<module codename="org.netbeans.spi.quicksearch">
    <module_version install_time="1302219612654" last="false" origin="installer" specification_version="1.9.1">
        <file crc="2420451830" name="config/Modules/org-netbeans-spi-quicksearch.xml"/>
        <file crc="2151965933" name="modules/org-netbeans-spi-quicksearch.jar"/>
    </module_version>
    <module_version install_time="1345594752956" last="true" origin="NetBeans 分发" specification_version="1.10.1">
        <file crc="2591190404" name="modules/locale/org-netbeans-spi-quicksearch_ja.jar"/>
        <file crc="652884504" name="modules/locale/org-netbeans-spi-quicksearch_pt_BR.jar"/>
        <file crc="3456623552" name="modules/locale/org-netbeans-spi-quicksearch_ru.jar"/>
        <file crc="2307232205" name="modules/locale/org-netbeans-spi-quicksearch_zh_CN.jar"/>
        <file crc="2420451830" name="config/Modules/org-netbeans-spi-quicksearch.xml"/>
        <file crc="1377316233" name="modules/org-netbeans-spi-quicksearch.jar"/>
    </module_version>
</module>
