<?xml version="1.0" encoding="UTF-8" standalone="no"?>
<module codename="org.netbeans.modules.favorites/1">
    <module_version install_time="1302219689351" last="false" origin="installer" specification_version="1.24.1">
        <file crc="1394443980" name="config/Modules/org-netbeans-modules-favorites.xml"/>
        <file crc="3176866934" name="modules/org-netbeans-modules-favorites.jar"/>
    </module_version>
    <module_version install_time="1345596298222" last="true" origin="NetBeans 分发" specification_version="1.25.1">
        <file crc="1294765905" name="modules/locale/org-netbeans-modules-favorites_ja.jar"/>
        <file crc="66850649" name="modules/locale/org-netbeans-modules-favorites_pt_BR.jar"/>
        <file crc="1794696476" name="modules/locale/org-netbeans-modules-favorites_ru.jar"/>
        <file crc="4026341875" name="modules/locale/org-netbeans-modules-favorites_zh_CN.jar"/>
        <file crc="1394443980" name="config/Modules/org-netbeans-modules-favorites.xml"/>
        <file crc="3909120373" name="modules/org-netbeans-modules-favorites.jar"/>
    </module_version>
</module>
