<?xml version="1.0" encoding="UTF-8" standalone="no"?>
<module codename="org.netbeans.swing.outline">
    <module_version install_time="1302219416491" last="false" origin="installer" specification_version="1.13.1">
        <file crc="3679534386" name="config/Modules/org-netbeans-swing-outline.xml"/>
        <file crc="437444491" name="modules/org-netbeans-swing-outline.jar"/>
    </module_version>
    <module_version install_time="1345594751112" last="true" origin="NetBeans 分发" specification_version="1.14.1">
        <file crc="202570115" name="modules/locale/org-netbeans-swing-outline_ja.jar"/>
        <file crc="1315578438" name="modules/locale/org-netbeans-swing-outline_pt_BR.jar"/>
        <file crc="3424444241" name="modules/locale/org-netbeans-swing-outline_ru.jar"/>
        <file crc="4209454738" name="modules/locale/org-netbeans-swing-outline_zh_CN.jar"/>
        <file crc="3679534386" name="config/Modules/org-netbeans-swing-outline.xml"/>
        <file crc="360260695" name="modules/org-netbeans-swing-outline.jar"/>
    </module_version>
</module>
