<?xml version="1.0" encoding="UTF-8" standalone="no"?>
<module codename="org.openide.nodes">
    <module_version install_time="1302219464197" last="false" origin="installer" specification_version="7.20.1">
        <file crc="3092369940" name="config/Modules/org-openide-nodes.xml"/>
        <file crc="3618238212" name="modules/org-openide-nodes.jar"/>
    </module_version>
    <module_version install_time="1345594753869" last="true" origin="NetBeans 分发" specification_version="7.21.1">
        <file crc="3678091108" name="modules/locale/org-openide-nodes_ja.jar"/>
        <file crc="752055898" name="modules/locale/org-openide-nodes_pt_BR.jar"/>
        <file crc="1805706420" name="modules/locale/org-openide-nodes_ru.jar"/>
        <file crc="4179359954" name="modules/locale/org-openide-nodes_zh_CN.jar"/>
        <file crc="3092369940" name="config/Modules/org-openide-nodes.xml"/>
        <file crc="3037426695" name="modules/org-openide-nodes.jar"/>
    </module_version>
</module>
