<?xml version="1.0" encoding="UTF-8" standalone="no"?>
<module codename="org.netbeans.api.visual">
    <module_version install_time="1302219605342" last="false" origin="installer" specification_version="2.27.1">
        <file crc="1235850484" name="config/Modules/org-netbeans-api-visual.xml"/>
        <file crc="3716647750" name="modules/org-netbeans-api-visual.jar"/>
    </module_version>
    <module_version install_time="1345596301276" last="true" origin="NetBeans 分发" specification_version="2.28.1">
        <file crc="3874888827" name="modules/locale/org-netbeans-api-visual_ja.jar"/>
        <file crc="2270548203" name="modules/locale/org-netbeans-api-visual_pt_BR.jar"/>
        <file crc="1240161168" name="modules/locale/org-netbeans-api-visual_ru.jar"/>
        <file crc="2489769402" name="modules/locale/org-netbeans-api-visual_zh_CN.jar"/>
        <file crc="1235850484" name="config/Modules/org-netbeans-api-visual.xml"/>
        <file crc="2506877150" name="modules/org-netbeans-api-visual.jar"/>
    </module_version>
</module>
