<?xml version="1.0" encoding="UTF-8" standalone="no"?>
<module codename="org.openide.execution">
    <module_version install_time="1302219476399" last="false" origin="installer" specification_version="1.21.1">
        <file crc="3133979221" name="config/ModuleAutoDeps/org-openide-execution.xml"/>
        <file crc="1899864534" name="config/Modules/org-openide-execution.xml"/>
        <file crc="2972623528" name="modules/org-openide-execution.jar"/>
    </module_version>
    <module_version install_time="1345596297467" last="true" origin="NetBeans 分发" specification_version="1.22.1">
        <file crc="52891751" name="modules/locale/org-openide-execution_ja.jar"/>
        <file crc="2633057773" name="modules/locale/org-openide-execution_pt_BR.jar"/>
        <file crc="2259242658" name="modules/locale/org-openide-execution_ru.jar"/>
        <file crc="3702533980" name="modules/locale/org-openide-execution_zh_CN.jar"/>
        <file crc="3133979221" name="config/ModuleAutoDeps/org-openide-execution.xml"/>
        <file crc="1899864534" name="config/Modules/org-openide-execution.xml"/>
        <file crc="2246325793" name="modules/org-openide-execution.jar"/>
    </module_version>
</module>
