<?xml version="1.0" encoding="UTF-8" standalone="no"?>
<module codename="org.netbeans.core.windows/2">
    <module_version install_time="1302219822115" last="false" origin="installer" specification_version="2.27.1">
        <file crc="1059846727" name="config/Modules/org-netbeans-core-windows.xml"/>
        <file crc="532865773" name="modules/org-netbeans-core-windows.jar"/>
    </module_version>
    <module_version install_time="1345596302316" last="true" origin="NetBeans 分发" specification_version="2.28.1">
        <file crc="1034186575" name="modules/locale/org-netbeans-core-windows_ja.jar"/>
        <file crc="27667483" name="modules/locale/org-netbeans-core-windows_pt_BR.jar"/>
        <file crc="1430115568" name="modules/locale/org-netbeans-core-windows_ru.jar"/>
        <file crc="3080873909" name="modules/locale/org-netbeans-core-windows_zh_CN.jar"/>
        <file crc="1059846727" name="config/Modules/org-netbeans-core-windows.xml"/>
        <file crc="2986750245" name="modules/org-netbeans-core-windows.jar"/>
    </module_version>
</module>
