<?xml version="1.0" encoding="UTF-8" standalone="no"?>
<module codename="org.netbeans.api.progress/1">
    <module_version install_time="1302219419193" last="false" origin="installer" specification_version="1.23.1">
        <file crc="1605883752" name="config/Modules/org-netbeans-api-progress.xml"/>
        <file crc="3295835047" name="modules/org-netbeans-api-progress.jar"/>
    </module_version>
    <module_version install_time="1345594759748" last="true" origin="NetBeans 分发" specification_version="1.24.1">
        <file crc="926654131" name="modules/locale/org-netbeans-api-progress_ja.jar"/>
        <file crc="2138826058" name="modules/locale/org-netbeans-api-progress_pt_BR.jar"/>
        <file crc="2357842186" name="modules/locale/org-netbeans-api-progress_ru.jar"/>
        <file crc="2684090482" name="modules/locale/org-netbeans-api-progress_zh_CN.jar"/>
        <file crc="1605883752" name="config/Modules/org-netbeans-api-progress.xml"/>
        <file crc="3873022565" name="modules/org-netbeans-api-progress.jar"/>
    </module_version>
</module>
