<?xml version="1.0" encoding="UTF-8" standalone="no"?>
<module codename="org.openide.util.lookup">
    <module_version install_time="1302219238046" last="false" origin="installer" specification_version="8.6.1">
        <file crc="1968754443" name="lib/org-openide-util-lookup.jar"/>
    </module_version>
    <module_version install_time="1345594753336" last="true" origin="NetBeans 分发" specification_version="8.8.1">
        <file crc="2927704196" name="lib/locale/org-openide-util-lookup_ja.jar"/>
        <file crc="830769690" name="lib/locale/org-openide-util-lookup_pt_BR.jar"/>
        <file crc="1678946532" name="lib/locale/org-openide-util-lookup_ru.jar"/>
        <file crc="3174915958" name="lib/locale/org-openide-util-lookup_zh_CN.jar"/>
        <file crc="2010202741" name="lib/org-openide-util-lookup.jar"/>
    </module_version>
</module>
