<?xml version="1.0" encoding="UTF-8" standalone="no"?>
<module codename="org.netbeans.modules.autoupdate.ui">
    <module_version install_time="1302219765101" last="false" origin="installer" specification_version="1.22.1">
        <file crc="123778612" name="config/Modules/org-netbeans-modules-autoupdate-ui.xml"/>
        <file crc="262105665" name="modules/org-netbeans-modules-autoupdate-ui.jar"/>
    </module_version>
    <module_version install_time="1345594754392" last="true" origin="NetBeans 分发" specification_version="1.23.1">
        <file crc="3019905040" name="modules/locale/org-netbeans-modules-autoupdate-ui_ja.jar"/>
        <file crc="1119076377" name="modules/locale/org-netbeans-modules-autoupdate-ui_pt_BR.jar"/>
        <file crc="894307815" name="modules/locale/org-netbeans-modules-autoupdate-ui_ru.jar"/>
        <file crc="454357554" name="modules/locale/org-netbeans-modules-autoupdate-ui_zh_CN.jar"/>
        <file crc="123778612" name="config/Modules/org-netbeans-modules-autoupdate-ui.xml"/>
        <file crc="519550238" name="modules/org-netbeans-modules-autoupdate-ui.jar"/>
    </module_version>
</module>
