<?xml version="1.0" encoding="UTF-8" standalone="no"?>
<module codename="org.openide.text">
    <module_version install_time="1302219640308" last="false" origin="installer" specification_version="6.36.1">
        <file crc="2441864466" name="config/ModuleAutoDeps/org-openide-text.xml"/>
        <file crc="1795978028" name="config/Modules/org-openide-text.xml"/>
        <file crc="2433666893" name="modules/org-openide-text.jar"/>
    </module_version>
    <module_version install_time="1345594758396" last="true" origin="NetBeans 分发" specification_version="6.37.1">
        <file crc="127497526" name="modules/locale/org-openide-text_ja.jar"/>
        <file crc="2759929187" name="modules/locale/org-openide-text_pt_BR.jar"/>
        <file crc="579920234" name="modules/locale/org-openide-text_ru.jar"/>
        <file crc="688863526" name="modules/locale/org-openide-text_zh_CN.jar"/>
        <file crc="2441864466" name="config/ModuleAutoDeps/org-openide-text.xml"/>
        <file crc="1795978028" name="config/Modules/org-openide-text.xml"/>
        <file crc="3558084750" name="modules/org-openide-text.jar"/>
    </module_version>
</module>
