<?xml version="1.0" encoding="UTF-8" standalone="no"?>
<module codename="org.netbeans.libs.felix">
    <module_version install_time="1302218619359" last="false" origin="installer" specification_version="1.4.1">
        <file crc="1327048437" name="config/Modules/org-netbeans-libs-felix.xml"/>
        <file crc="2029104172" name="modules/ext/felix-2.0.3.jar"/>
        <file crc="901663228" name="modules/ext/felix-main-2.0.2.jar"/>
        <file crc="3758191822" name="modules/org-netbeans-libs-felix.jar"/>
    </module_version>
    <module_version install_time="1345594756790" last="true" origin="NetBeans 分发" specification_version="1.5.1">
        <file crc="1832835917" name="modules/locale/org-netbeans-libs-felix_ja.jar"/>
        <file crc="3270858035" name="modules/locale/org-netbeans-libs-felix_pt_BR.jar"/>
        <file crc="3892638009" name="modules/locale/org-netbeans-libs-felix_ru.jar"/>
        <file crc="2754953886" name="modules/locale/org-netbeans-libs-felix_zh_CN.jar"/>
        <file crc="1327048437" name="config/Modules/org-netbeans-libs-felix.xml"/>
        <file crc="2029104172" name="modules/ext/felix-2.0.3.jar"/>
        <file crc="901663228" name="modules/ext/felix-main-2.0.2.jar"/>
        <file crc="3255403657" name="modules/org-netbeans-libs-felix.jar"/>
    </module_version>
</module>
