<?xml version="1.0" encoding="UTF-8" standalone="no"?>
<module codename="org.jdesktop.layout/1">
    <module_version install_time="1302218506642" last="false" origin="installer" specification_version="1.16.1">
        <file crc="2204093842" name="config/Modules/org-jdesktop-layout.xml"/>
        <file crc="2328006649" name="docs/swing-layout-1.0.4-doc.zip"/>
        <file crc="3929517584" name="docs/swing-layout-1.0.4-src.zip"/>
        <file crc="3375517798" name="modules/ext/swing-layout-1.0.4.jar"/>
        <file crc="1507098888" name="modules/org-jdesktop-layout.jar"/>
    </module_version>
    <module_version install_time="1345594757627" last="true" origin="NetBeans 分发" specification_version="1.17.1">
        <file crc="511834137" name="modules/locale/org-jdesktop-layout_ja.jar"/>
        <file crc="1402686386" name="modules/locale/org-jdesktop-layout_pt_BR.jar"/>
        <file crc="710428920" name="modules/locale/org-jdesktop-layout_ru.jar"/>
        <file crc="2528883382" name="modules/locale/org-jdesktop-layout_zh_CN.jar"/>
        <file crc="2204093842" name="config/Modules/org-jdesktop-layout.xml"/>
        <file crc="2328006649" name="docs/swing-layout-1.0.4-doc.zip"/>
        <file crc="3929517584" name="docs/swing-layout-1.0.4-src.zip"/>
        <file crc="3375517798" name="modules/ext/swing-layout-1.0.4.jar"/>
        <file crc="631995771" name="modules/org-jdesktop-layout.jar"/>
    </module_version>
</module>
