<?xml version="1.0" encoding="UTF-8" standalone="no"?>
<module codename="org.netbeans.modules.settings/1">
    <module_version install_time="1302219712538" last="false" origin="installer" specification_version="1.30.1">
        <file crc="554047262" name="config/Modules/org-netbeans-modules-settings.xml"/>
        <file crc="1982811237" name="modules/org-netbeans-modules-settings.jar"/>
    </module_version>
    <module_version install_time="1345596301539" last="true" origin="NetBeans 分发" specification_version="1.31.1">
        <file crc="1006137271" name="modules/locale/org-netbeans-modules-settings_ja.jar"/>
        <file crc="2430279979" name="modules/locale/org-netbeans-modules-settings_pt_BR.jar"/>
        <file crc="1952486172" name="modules/locale/org-netbeans-modules-settings_ru.jar"/>
        <file crc="2789140914" name="modules/locale/org-netbeans-modules-settings_zh_CN.jar"/>
        <file crc="554047262" name="config/Modules/org-netbeans-modules-settings.xml"/>
        <file crc="20969185" name="modules/org-netbeans-modules-settings.jar"/>
    </module_version>
</module>
