<?xml version="1.0" encoding="UTF-8" standalone="no"?>
<module codename="org.netbeans.core.output2/1">
    <module_version install_time="1302219648218" last="false" origin="installer" specification_version="1.21.1">
        <file crc="1198063063" name="config/Modules/org-netbeans-core-output2.xml"/>
        <file crc="1995620" name="modules/org-netbeans-core-output2.jar"/>
    </module_version>
    <module_version install_time="1345596299773" last="true" origin="NetBeans 分发" specification_version="1.22.1">
        <file crc="3380408150" name="modules/locale/org-netbeans-core-output2_ja.jar"/>
        <file crc="1271611984" name="modules/locale/org-netbeans-core-output2_pt_BR.jar"/>
        <file crc="2267997496" name="modules/locale/org-netbeans-core-output2_ru.jar"/>
        <file crc="2653654375" name="modules/locale/org-netbeans-core-output2_zh_CN.jar"/>
        <file crc="1198063063" name="config/Modules/org-netbeans-core-output2.xml"/>
        <file crc="3868830228" name="modules/org-netbeans-core-output2.jar"/>
    </module_version>
</module>
