<?xml version="1.0" encoding="UTF-8" standalone="no"?>
<module codename="org.openide.util">
    <module_version install_time="1302219248820" last="false" origin="installer" specification_version="8.14.1">
        <file crc="3298874072" name="config/ModuleAutoDeps/org-openide-util.xml"/>
        <file crc="4135889866" name="lib/org-openide-util.jar"/>
    </module_version>
    <module_version install_time="1345594754239" last="true" origin="NetBeans 分发" specification_version="8.15.1">
        <file crc="2814178318" name="lib/locale/org-openide-util_ja.jar"/>
        <file crc="1361432481" name="lib/locale/org-openide-util_pt_BR.jar"/>
        <file crc="1327213616" name="lib/locale/org-openide-util_ru.jar"/>
        <file crc="3475880710" name="lib/locale/org-openide-util_zh_CN.jar"/>
        <file crc="3298874072" name="config/ModuleAutoDeps/org-openide-util.xml"/>
        <file crc="2187021545" name="lib/org-openide-util.jar"/>
    </module_version>
</module>
