<?xml version="1.0" encoding="UTF-8" standalone="no"?>
<module codename="org.netbeans.modules.sendopts/2">
    <module_version install_time="1302219522804" last="false" origin="installer" specification_version="2.12.1">
        <file crc="3090052921" name="config/Modules/org-netbeans-modules-sendopts.xml"/>
        <file crc="3460783211" name="modules/org-netbeans-modules-sendopts.jar"/>
    </module_version>
    <module_version install_time="1345596303150" last="true" origin="NetBeans 分发" specification_version="2.13.1">
        <file crc="527275175" name="modules/locale/org-netbeans-modules-sendopts_ja.jar"/>
        <file crc="1402108609" name="modules/locale/org-netbeans-modules-sendopts_pt_BR.jar"/>
        <file crc="2314520267" name="modules/locale/org-netbeans-modules-sendopts_ru.jar"/>
        <file crc="1028376973" name="modules/locale/org-netbeans-modules-sendopts_zh_CN.jar"/>
        <file crc="3090052921" name="config/Modules/org-netbeans-modules-sendopts.xml"/>
        <file crc="1871391128" name="modules/org-netbeans-modules-sendopts.jar"/>
    </module_version>
</module>
