<?xml version="1.0" encoding="UTF-8" standalone="no"?>
<module codename="org.netbeans.core.execution/1">
    <module_version install_time="1302219698727" last="false" origin="installer" specification_version="1.23.1">
        <file crc="131205059" name="config/Modules/org-netbeans-core-execution.xml"/>
        <file crc="1878959455" name="modules/org-netbeans-core-execution.jar"/>
    </module_version>
    <module_version install_time="1345596300029" last="true" origin="NetBeans 分发" specification_version="1.24.1">
        <file crc="3664082413" name="modules/locale/org-netbeans-core-execution_ja.jar"/>
        <file crc="1768986227" name="modules/locale/org-netbeans-core-execution_pt_BR.jar"/>
        <file crc="868794971" name="modules/locale/org-netbeans-core-execution_ru.jar"/>
        <file crc="1099235534" name="modules/locale/org-netbeans-core-execution_zh_CN.jar"/>
        <file crc="131205059" name="config/Modules/org-netbeans-core-execution.xml"/>
        <file crc="1179605375" name="modules/org-netbeans-core-execution.jar"/>
    </module_version>
</module>
