<?xml version="1.0" encoding="UTF-8" standalone="no"?>
<module codename="org.netbeans.libs.osgi">
    <module_version install_time="1302218615207" last="false" origin="installer" specification_version="1.4.1">
        <file crc="3882420389" name="config/Modules/org-netbeans-libs-osgi.xml"/>
        <file crc="3805933642" name="modules/ext/osgi.cmpn-4.2.jar"/>
        <file crc="3776012940" name="modules/ext/osgi.core-4.2.jar"/>
        <file crc="1596750103" name="modules/org-netbeans-libs-osgi.jar"/>
    </module_version>
    <module_version install_time="1345594754971" last="true" origin="NetBeans 分发" specification_version="1.5.1">
        <file crc="3435767376" name="modules/locale/org-netbeans-libs-osgi_ja.jar"/>
        <file crc="2156376378" name="modules/locale/org-netbeans-libs-osgi_pt_BR.jar"/>
        <file crc="3206213694" name="modules/locale/org-netbeans-libs-osgi_ru.jar"/>
        <file crc="2571062711" name="modules/locale/org-netbeans-libs-osgi_zh_CN.jar"/>
        <file crc="3882420389" name="config/Modules/org-netbeans-libs-osgi.xml"/>
        <file crc="3805933642" name="modules/ext/osgi.cmpn-4.2.jar"/>
        <file crc="3776012940" name="modules/ext/osgi.core-4.2.jar"/>
        <file crc="3871044512" name="modules/org-netbeans-libs-osgi.jar"/>
    </module_version>
</module>
