<?xml version="1.0" standalone="yes" ?>

<!--Parts from the MIT Registry of Standard Biological Parts-->
<rsbpml>
<part_list>
<part>
<part_id>151</part_id>
<part_name>BBa_B0034</part_name>
<part_short_name>B0034</part_short_name>
<part_short_desc>RBS (Elowitz 1999) -- defines RBS efficiency</part_short_desc>
<part_type>RBS</part_type>
<part_status>Available</part_status>
<part_results>Works</part_results>
<part_nickname></part_nickname>
<part_rating>1</part_rating>
<part_url>http://partsregistry.org/Part:BBa_B0034</part_url>
<part_entered>2003-01-31</part_entered>
<part_author>Vinay S Mahajan, Voichita D. Marinescu, Brian Chow, Alexander      D Wissner-Gross and Peter Carr IAP, 2003. </part_author>
<best_quality>Confirmed</best_quality>
<deep_subparts></deep_subparts>
<specified_subparts></specified_subparts>
<specified_subscars></specified_subscars>
<sequences>
<seq_data>aaagaggagaaa
</seq_data></sequences>
<features>
<feature>
<id>23325</id>
<title></title>
<type>conserved</type>
<direction>forward</direction>
<startpos>5</startpos>
<endpos>8</endpos></feature></features>
<parameters>
<!-- NOTE: Currently, each parameter name can have only one value.-->
<!--This will change as we fully support the context of a parameter. RDR 4/2010 -->
<parameter>
<name>efficiency</name>
<value>1</value>
<units></units>
<url></url>
<id>2480</id>
<m_date>2008-11-29 13:15:14</m_date>
<user_id>24</user_id>
<user_name>registry</user_name></parameter>
<parameter>
<name>biology</name>
<value>NA</value>
<units></units>
<url></url>
<id>3314</id>
<m_date>2008-11-29 13:15:14</m_date>
<user_id>24</user_id>
<user_name>registry</user_name></parameter></parameters>
<categories>
<category>//chassis/prokaryote/ecoli</category>
<category>//direction/forward</category>
<category>//function/coliroid</category>
<category>//rbs/prokaryote/constitutive/community</category>
<category>//regulation/constitutive</category>
<category>//ribosome/prokaryote/ecoli</category></categories>
<twins>
<twin>BBa_K346092</twin></twins>
<samples>
<!--Samples have been turned off for now - rdr 4/2010--></samples>
<references>
<!--References are not available yet - rdr 4/2010--></references>
<groups>
<!-- Group access information is not yet available - rdr 4/2010--></groups></part></part_list></rsbpml>